,품목,가격,세일가격,제품링크
1,so natural SO Vegan Noni Toner 150ml,USD 22.50,USD 15.73,https://jolse.com/product/detail.html?product_no=22560&cate_no=1019&display_group=1
2,Isntree Hyaluronic Acid Toner 200ml (Renewal),USD 19.00,USD 11.99,https://jolse.com/product/detail.html?product_no=10953&cate_no=1019&display_group=1
3,SON&PARK BEAUTY WATER 340ml,USD 29.40,USD 18.99,https://jolse.com/product/detail.html?product_no=16241&cate_no=1019&display_group=1
4,SOME BY MI AHA BHA PHA 30 Days Miracle Toner 150ml,USD 24.00,USD 11.99,https://jolse.com/product/detail.html?product_no=19667&cate_no=1019&display_group=1
5,SOME BY MI Galactomyces Pure Vitamin C Glow Toner 200ml,USD 34.00,USD 17.99,https://jolse.com/product/detail.html?product_no=16854&cate_no=1019&display_group=1
6,PURITO Centella Green Level Calming Toner 200ml,USD 25.20,USD 16.99,https://jolse.com/product/detail.html?product_no=15529&cate_no=1019&display_group=1
7,SON&PARK Beauty Water 60ml,USD 10.50,USD 6.49,https://jolse.com/product/detail.html?product_no=21105&cate_no=1019&display_group=1
8,Pyunkang Yul Essence Toner 100ml,USD 14.50,USD 9.89,https://jolse.com/product/detail.html?product_no=19733&cate_no=1019&display_group=1
9,secretKey Hyaluron Aqua Soft Toner 500ml,USD 22.00,USD 17.48,https://jolse.com/product/detail.html?product_no=18903&cate_no=1019&display_group=1
10,ROUND LAB 1025 Dokdo Toner 200ml,USD 17.00,USD 11.99,https://jolse.com/product/detail.html?product_no=23622&cate_no=1019&display_group=1
11,SOME BY MI Snail Truecica Miracle Repair Toner 135ml,USD 24.00,USD 15.99,https://jolse.com/product/detail.html?product_no=22874&cate_no=1019&display_group=1
12,Dr.MYSKIN Vita Galacto Bifida 90 Toner 110ml,USD 15.70,USD 10.99,https://jolse.com/product/detail.html?product_no=3397&cate_no=1019&display_group=1
13,COSRX AHA 7 WHITEHEAD POWER LIQUID 100ml,USD 17.81,USD 11.99,https://jolse.com/product/detail.html?product_no=12519&cate_no=1019&display_group=1
14,secretKey Fresh Toner 248ml,USD 12.00,USD 9.99,https://jolse.com/product/detail.html?product_no=16246&cate_no=1019&display_group=1
15,BLITHE Vital Treatment 8 Nourishing Beans 150ml,USD 42.90,USD 22.99,https://jolse.com/product/detail.html?product_no=14691&cate_no=1019&display_group=1
16,COSRX Two In One Poreless Power Liquid 100ml,USD 22.00,USD 12.99,https://jolse.com/product/detail.html?product_no=12363&cate_no=1019&display_group=1
17,Pyunkang Yul Essence Toner 200ml,USD 21.90,USD 15.33,https://jolse.com/product/detail.html?product_no=21252&cate_no=1019&display_group=1
18,Isntree Clear Skin BHA Toner 200ml,USD 21.96,USD 13.89,https://jolse.com/product/detail.html?product_no=10442&cate_no=1019&display_group=1
19,COSRX One Step Moisture Up Pad 70ea,USD 19.50,USD 14.99,https://jolse.com/product/detail.html?product_no=10024&cate_no=1019&display_group=1
20,Elizavecca Hell-Pore Clean up AHA Fruit Toner 200ml,USD 14.00,USD 10.99,https://jolse.com/product/detail.html?product_no=8682&cate_no=1019&display_group=1
21,BENTON Aloe BHA Skin Toner 200ml,USD 19.00,USD 11.99,https://jolse.com/product/detail.html?product_no=4363&cate_no=1019&display_group=1
22,COSRX One Step Original Clear Pad 70ea,USD 19.63,USD 14.99,https://jolse.com/product/detail.html?product_no=3491&cate_no=1019&display_group=1
23,NATURE REPUBLIC Soothing & Moisture Aloe Vera 92% Soothing Gel Mist 150ml,USD 12.16,USD 8.50,https://jolse.com/product/detail.html?product_no=3365&cate_no=1019&display_group=1
24,COSRX BHA BLACKHEAD POWER LIQUID100 ML,USD 20.81,USD 12.99,https://jolse.com/product/detail.html?product_no=20794&cate_no=1019&display_group=1
25,SKIN&LAB Medicica Balancing Toner 180ml,USD 21.63,USD 18.39,https://jolse.com/product/detail.html?product_no=20601&cate_no=1019&display_group=1
26,MAY ISLAND 7 Days Secret Centella Cica Toner 155ml,USD 16.50,USD 11.53,https://jolse.com/product/detail.html?product_no=20590&cate_no=1019&display_group=1
27,TIAM Vita B5 Toner 180ml,USD 18.60,USD 10.99,https://jolse.com/product/detail.html?product_no=19744&cate_no=1019&display_group=1
28,BADSKIN Hyaluronic Spa Toner 500ml,USD 26.00,USD 17.99,https://jolse.com/product/detail.html?product_no=19657&cate_no=1019&display_group=1
29,TIAM AC Fighting AHA BHA PHA Toner 180ml,USD 18.70,USD 11.99,https://jolse.com/product/detail.html?product_no=19322&cate_no=1019&display_group=1
30,Real Barrier Aqua Soothing Toner 200ml,USD 26.40,USD 18.48,https://jolse.com/product/detail.html?product_no=19320&cate_no=1019&display_group=1
31,Real Barrier Extreme Essence Toner 190ml,USD 30.00,USD 21.00,https://jolse.com/product/detail.html?product_no=18971&cate_no=1019&display_group=1
32,innisfree Jeju Orchid Skin 200ml,USD 27.92,USD 17.59,https://jolse.com/product/detail.html?product_no=18918&cate_no=1019&display_group=1
33,ROUND LAB Mugwort Calming Toner 300ml,USD 25.00,USD 16.99,https://jolse.com/product/detail.html?product_no=18815&cate_no=1019&display_group=1
34,innisfree Jeju Cherry Blossom Skin 200ml,USD 20.22,USD 15.16,https://jolse.com/product/detail.html?product_no=18489&cate_no=1019&display_group=1
35,iUNIK Vitamin Hyaluronic Acid Vitalizing Toner 200ml,USD 21.99,USD 16.99,https://jolse.com/product/detail.html?product_no=18332&cate_no=1019&display_group=1
36,G9SKIN White In Milk Toner 300ml,USD 18.00,USD 11.99,https://jolse.com/product/detail.html?product_no=17796&cate_no=1019&display_group=1
37,COSRX AC Collection Calming Liquid Mild 125ml,USD 26.00,USD 17.99,https://jolse.com/product/detail.html?product_no=16877&cate_no=1019&display_group=1
38,NACIFIC Real Calendula Floral Toner 180ml,USD 26.00,USD 14.17,https://jolse.com/product/detail.html?product_no=16405&cate_no=1019&display_group=1
39,CARYOPHY Portulaca Toner 300ml,USD 24.00,USD 20.40,https://jolse.com/product/detail.html?product_no=16354&cate_no=1019&display_group=1
40,KEEP COOL Soothe Fixence Mist 60ml,USD 10.00,USD 6.99,https://jolse.com/product/detail.html?product_no=16306&cate_no=1019&display_group=1
41,NEOGEN DERMALOGY Real Cica Pad 90ea,USD 17.90, ,https://jolse.com/product/detail.html?product_no=16002&cate_no=1019&display_group=1
42,MAMONDE Rose Water Toner 250ml,USD 18.48,USD 13.86,https://jolse.com/product/detail.html?product_no=15273&cate_no=1019&display_group=1
43,heimish Bulgarian Rose Mist Serum 55ml,USD 24.00,USD 18.00,https://jolse.com/product/detail.html?product_no=15117&cate_no=1019&display_group=1
44,BLITHE Vital Treatment 5 Energy Roots 150ml,USD 37.60,USD 26.28,https://jolse.com/product/detail.html?product_no=15000&cate_no=1019&display_group=1
45,Elizavecca Hell-Pore Perfect Wine Sparkling Peeling Pad 30ea,USD 20.00,USD 14.98,https://jolse.com/product/detail.html?product_no=43373&cate_no=1019&display_group=1
46,MISSHA New Artemisia Calming Mist 120ml,USD 34.00,USD 27.17,https://jolse.com/product/detail.html?product_no=43058&cate_no=1019&display_group=1
47,so natural Yellow Cica Toner 260ml,USD 28.00,USD 19.57,https://jolse.com/product/detail.html?product_no=42970&cate_no=1019&display_group=1
48,so natural Vegan Make up Calm Fixx 100ml,USD 21.00,USD 14.68,https://jolse.com/product/detail.html?product_no=42942&cate_no=1019&display_group=1
